来源,时间,标题
财联社,2025-09-01 10:40:11.000,习近平：把合作盘子做大 把各国禀赋用好
财联社,2025-09-01 10:39:50.000,深圳8月一二手住宅网签总量6326套 环比降13.5%
财联社,2025-09-01 10:38:45.000,中方同上合国家贸易额突破2.3万亿美元
财联社,2025-09-01 10:38:38.000,习近平：上海合作组织已经成长为世界最大区域组织
财联社,2025-09-01 10:32:08.000,泰坦股份：正在拓展固态电池锂硫磷氯电解质的研发和生产领域
财联社,2025-09-01 10:31:55.000,影视股震荡走强 文投控股涨停
财联社,2025-09-01 10:26:44.000,零售板块持续走强 汇嘉时代等多股涨停
财联社,2025-09-01 10:25:11.000,习近平主持上海合作组织成员国元首理事会第二十五次会议并发表重要讲话
财联社,2025-09-01 10:15:39.000,华体科技连签三地重卡超充项目
财联社,2025-09-01 10:10:23.000,美团正式发布并开源LongCat-Flash-Chat
财联社,2025-09-01 10:07:44.000,两家私募获香港资管牌照 持有香港9号牌照内地私募增至92家
财联社,2025-09-01 10:03:09.000,黑色系期货全线下跌 双焦跌超4%
财联社,2025-09-01 09:54:53.000,国家发改委张铠麟：持续在算力等领域发放“人工智能券” 促进智能终端普及
财联社,2025-09-01 09:51:18.000,三大指数集体翻绿
财联社,2025-09-01 09:51:11.000,创新药概念再度走强 迈威生物、百济神州双双创历史新高
财联社,2025-09-01 09:50:56.000,部分港股加密货币概念股走强 华检医疗涨近7%
财联社,2025-09-01 09:48:34.000,聚焦6大行动重点行业领域 “人工智能+”配套细则将出
财联社,2025-09-01 09:45:19.000,3D打印概念震荡拉升 海正生材、长江材料双双涨停
财联社,2025-09-01 09:41:51.000,黄金概念股走强 西部黄金触及涨停
财联社,2025-09-01 09:37:53.000,数字货币概念盘初活跃 高伟达触及涨停
财联社,2025-09-01 09:35:05.000,芯片股持续活跃 利扬芯片20CM涨停
财联社,2025-09-01 09:33:28.000,固态电池概念延续强势  德新科技2连板
财联社,2025-09-01 09:33:07.000,创业板指涨逾1% 上涨个股近2800只
财联社,2025-09-01 09:30:31.000,国产算力股开盘大涨 数据港涨停
财联社,2025-09-01 09:15:02.000,人身险公司2024年度分红实现率披露临近尾声
财联社,2025-09-01 09:05:54.000,国家电影局：2025暑期档电影票房119.66亿元 同比增长2.76%
财联社,2025-09-01 09:04:42.000,阿富汗地震9人遇难50人伤
财联社,2025-09-01 09:00:27.000,陕西部署低空经济产业质量强链补链工作
财联社,2025-09-01 08:51:38.000,深交所： 旷达科技9月1日开市起临时停牌
财联社,2025-09-01 08:49:44.000,中信证券：阿里资本开支超预 看好国产算力需求恢复
财联社,2025-09-01 08:49:20.000,【电报解读】激光雷达龙头通过港交所上市聆讯，其在三个细分领域市占率均为全球第一，这家公司间接参股
财联社,2025-09-01 08:49:14.000,中石化胜利石油工程有限公司原党委书记、执行董事张洪山接受纪律审查和监察调查
财联社,2025-09-01 08:48:25.000,中信证券：“反内卷”迈出实质一步 钢铁限产有望落地
财联社,2025-09-01 08:47:57.000,两市融资余额增加170.44亿元
财联社,2025-09-01 08:46:55.000,中信证券：强化共识 铜板块再迎估值提升
财联社,2025-09-01 08:41:23.000,暑运白云机场口岸进出境人员同比增14%
财联社,2025-09-01 08:37:00.000,高盛上调寒武纪12个月目标价至2104元
财联社,2025-09-01 08:30:57.000,新城发展同意发行股份募资约5000万港元用于RWA应用领域的战略部署
财联社,2025-09-01 08:30:48.000,财联社9月1日早间新闻精选
财联社,2025-09-01 08:11:31.000,暑运预计全社会跨区域人员流动119亿人次
财联社,2025-09-01 08:10:47.000,【九点特供】GPU独角兽再获增资近5亿元；阿里AI+云Capex投资高达386亿元，资本开支高增长有望驱动国产AI算力链迎基本面拐点，这家服务阿里的数据服务商已在国内建成35座数据中心
财联社,2025-09-01 08:08:08.000,以军内部文件显示“基甸战车”行动失败
财联社,2025-09-01 08:04:45.000,小鹏汽车：8月共交付智能电动汽车37709辆 同比增长169%
财联社,2025-09-01 07:55:37.000,全国近八成统筹区实现生育津贴直接发放至个人
财联社,2025-09-01 07:51:46.000,中指研究院：8月百城二手住宅价格延续回落态势，9月或迎政策密集期
财联社,2025-09-01 07:49:31.000,今日申购指南及新股定位分析
财联社,2025-09-01 07:48:48.000,去年广东省海洋生产总值突破2万亿元
财联社,2025-09-01 07:47:00.000,投资日历：周一资本市场大事提醒
财联社,2025-09-01 07:45:33.000,委防长：正为应对美国“任何行动”做准备
财联社,2025-09-01 07:44:43.000,黎议长拒绝支持美方提出的解除真主党武装计划
财联社,2025-09-01 07:43:54.000,【点金互动易】昇腾+液冷，产品批量用于包括昇腾在内的国产AI芯片，并可用于AI服务器液冷领域，这家公司正在推进电子产品散热部件应用
财联社,2025-09-01 07:42:53.000,高调宣布打死哈马斯高层 以媒却曝内部报告：失去全部国际信誉
财联社,2025-09-01 07:29:30.000,韩国2026财年预算总额创新高 AI成发力重点
财联社,2025-09-01 07:24:31.000,广发证券：各地供应趋紧 预计煤价下行有限
财联社,2025-09-01 07:22:49.000,偏爱金融股 公募机构上半年稳字当头
财联社,2025-09-01 07:19:42.000,上市券商上半年经纪业务收入同比增超43%
同花顺,2025-09-01 02:40:51.000,习近平：携手打造立己达人、美美与共、和合共生的文明百花园
同花顺,2025-09-01 02:40:47.000,北方稀土成交额达100亿元
同花顺,2025-09-01 02:38:05.000,习近平：上合组织已经成长为世界最大区域组织
同花顺,2025-09-01 02:35:24.000,习近平：中方同上海合作组织国家累计贸易额突破2.3万亿美元的目标提前实现。
同花顺,2025-09-01 02:34:44.000,英搏尔：EH216-S机型已实现样机和小批量交付，预计今年会有批量订单
同花顺,2025-09-01 02:34:00.000,习近平：上海合作组织建设和合作取得一系列开创性成果、历史性成就
同花顺,2025-09-01 02:29:13.000,日经225指数日内跌超2%，报41851.82
同花顺,2025-09-01 02:28:31.000,安集科技、亚翔集成等新设集成电路产业创投基金
同花顺,2025-09-01 02:25:17.000,招商银行副行长王颖：保持零售战略的坚定
同花顺,2025-09-01 02:23:50.000,纽约期金站上3540美元/盎司
同花顺,2025-09-01 02:21:56.000,物流板块震荡上扬，普路通涨停
同花顺,2025-09-01 02:21:36.000,ETF两市成交额超1500亿元
同花顺,2025-09-01 02:19:45.000,上海合作组织成员国元首理事会第二十五次会议举行
同花顺,2025-09-01 02:18:17.000,中际旭创成交额达100亿元
同花顺,2025-09-01 02:17:45.000,新易盛成交额达100亿元
同花顺,2025-09-01 02:17:26.000,东阳光药调整销售架构，欲发力肝病业务
同花顺,2025-09-01 02:15:19.000,深市融资余额创历史新高
同花顺,2025-09-01 02:14:46.000,美团正式发布并开源 LongCat-Flash-Chat
同花顺,2025-09-01 02:14:19.000,育儿补贴线上申领入口已开启 各地出台保育教育费减免实施细则
同花顺,2025-09-01 02:13:40.000,南向资金净买入超40亿港元
同花顺,2025-09-01 01:53:43.000,寒武纪-U成交额达100亿元
同花顺,2025-09-01 01:52:49.000,猪肉股震荡上扬，邦基科技涨停
同花顺,2025-09-01 01:51:22.000,A股三大指数盘中集体翻绿
同花顺,2025-09-01 01:50:35.000,港股美图公司盘中跌超13%
同花顺,2025-09-01 01:48:21.000,旅游及酒店板块拉升，三峡旅游触及涨停
同花顺,2025-09-01 01:48:01.000,大商所焦煤主力合约跌超4%
同花顺,2025-09-01 01:47:34.000,“人工智能+”配套细则将出
同花顺,2025-09-01 01:46:53.000,沪深京三市成交额超7000亿元
同花顺,2025-09-01 01:46:21.000,寒武纪盘中跌超5%
同花顺,2025-09-01 01:46:13.000,创新药概念股异动拉升，迈威生物、百济神州盘中创新高
同花顺,2025-09-01 01:45:52.000,中国8月RatingDog制造业PMI50.5，前值49.5
同花顺,2025-09-01 01:45:09.000,零售板块震荡走高，三江购物、国光连锁涨停
同花顺,2025-09-01 01:44:17.000,温州杭温铁路联络线建设公司成立，注册资本2亿元
同花顺,2025-09-01 01:43:25.000,ETF两市成交额超500亿元
同花顺,2025-09-01 01:43:21.000,南向资金净买入超30亿港元
同花顺,2025-09-01 01:41:50.000,有色金属板块持续拉升，金钼股份涨停
同花顺,2025-09-01 01:40:45.000,跨境支付概念股盘初走高，高伟达涨超19%
同花顺,2025-09-01 01:40:16.000,零跑汽车：8月交付57066台，同比增长超88%
同花顺,2025-09-01 01:39:18.000,日经225指数自8月8日以来首次跌破4.2万点
同花顺,2025-09-01 01:37:06.000,港股云计算概念股盘初走高，阿里巴巴-W、汇量科技涨超15%
同花顺,2025-09-01 01:10:56.000,维尔利农业与茅台循环产投签署中试合作协议
同花顺,2025-09-01 01:06:15.000,2025暑期档电影票房119.66亿元
同花顺,2025-09-01 01:00:51.000,富时中国A50指数期货开涨0.03%
同花顺,2025-09-01 01:00:41.000,期市早盘开盘：国内期货主力合约涨跌不一
同花顺,2025-09-01 00:57:59.000,旷达科技拟筹划控制权变更事项 9月1日开市起临时停牌
同花顺,2025-09-01 00:53:49.000,全国中小学幼儿园陆续开学 多项教育惠民新举措开始实施
同花顺,2025-09-01 00:50:01.000,玉禾田：公司与智元机器人合作在深圳大湾区落地具身机器人数据采集和训练中心
同花顺,2025-09-01 00:43:53.000,特斯拉中国将续航里程为830公里版本的MODEL 3售价下调至25.95万元
同花顺,2025-09-01 00:35:39.000,新城发展：同意发行股份募资约5000万港元用于RWA领域
同花顺,2025-09-01 00:33:28.000,中国银河证券：A股向上趋势不改，市场热点仍将处于轮动状态中，关注结构性配置机会
财新网,2025-09-01 00:16:48.670,本周将有诸多数据发布
同花顺,2025-09-01 00:16:24.000,美政府削减枪支暴力预防项目拨款引批评
财新网,2025-09-01 00:16:23.789,个股方面
财新网,2025-09-01 00:16:02.662,2025年9月1日早上好
同花顺,2025-09-01 00:09:21.000,永清环保与灵伴科技达成战略合作
同花顺,2025-09-01 00:05:54.000,低通胀三部曲：居民重启加杠杆
同花顺,2025-09-01 00:05:33.000,"小鹏汽车：8月小鹏汽车共交付智能电动汽车37,709辆，同比增长169%"
同花顺,2025-09-01 00:02:15.000,日韩股市低开
同花顺,2025-09-01 00:00:27.000,安培龙：自研的氮氧传感器芯体已实现小批量交付
同花顺,2025-08-31 23:54:58.000,中信建投：长期趋势仍未改变，最优策略是切入低估值消费与周期板块
同花顺,2025-08-31 23:50:23.000,美方计划控制加沙至少10年
同花顺,2025-08-31 23:36:21.000,华泰证券：9月产业催化密集下科技或仍有表现
同花顺,2025-08-31 23:24:13.000,阿里云：阿里采购寒武纪15万片GPU的消息不实
同花顺,2025-08-31 23:20:08.000,广发证券：各地供应趋紧，预计煤价下行有限，板块估值股息具备优势
同花顺,2025-08-31 23:19:29.000,券商二季度重仓股出炉 青睐基础化工、机械设备、汽车、医药生物等行业
同花顺,2025-08-31 23:12:39.000,也门胡塞武装称将对以军袭击发起报复
同花顺,2025-08-31 23:11:43.000,五家理财子公司实现净利与产品管理规模双增长
同花顺,2025-08-31 14:52:18.000,纪念活动新闻中心9月2日上午举办第三场记者见面会
同花顺,2025-08-31 14:39:00.000,2025年半年报落幕 上市券商中期分红预案基本出炉
同花顺,2025-08-31 14:37:03.000,招商局集团董事长缪建民调研钙钛矿新型半导体实验室
同花顺,2025-08-31 14:30:09.000,竞业达：截至7月底，AI+教学分析诊断报告业务在手订单已过千万
同花顺,2025-08-31 14:26:05.000,2025智能汽车基础软件生态大会暨第四届中国汽车芯片大会在渝召开
财新网,2025-08-29 16:53:31.664,夜读深度：亚欧贸易新走廊
财新网,2025-08-29 09:20:00.000,数据推荐：国企利润同比降幅扩大
财新网,2025-08-29 08:30:00.000,IMF二号人物对全球债市发出警告
财新网,2025-08-29 07:19:23.000,热点数据：中国对外直接投资同比降5.4%
财新网,2025-08-29 06:30:00.000,市场对人民币汇率弹性有点遐想
财新网,2025-08-29 05:25:00.000,今日市场热点
财新网,2025-08-29 04:00:00.000,一个引擎拉起恒瑞医药业绩
财新网,2025-08-29 02:20:00.000,英伟达投资者该不该落袋为安
财新网,2025-08-29 00:21:26.020,今日可关注
财新网,2025-08-29 00:19:45.301,2025年8月29日
财新网,2025-08-28 12:30:00.000,夜读深度：泰国产比亚迪卖向欧洲
财新网,2025-08-28 09:20:00.000,数据发现：澳大利亚失业率略回落
财新网,2025-08-28 08:30:00.000,牧原股份大手笔分红的逻辑
财新网,2025-08-28 07:20:00.000,港股能否“借西风”补涨？
财新网,2025-08-28 06:20:55.000,特朗普又开始怼索罗斯
财新网,2025-08-28 03:30:00.000,英伟达业绩“回到凡间”
财新网,2025-08-28 02:20:00.000,市场需要为美联储被干预定价吗
财新网,2025-08-28 00:43:13.717,2025年8月28日
财新网,2025-08-27 10:00:00.000,美国地方联储行长明年可能花式被换？
财新网,2025-08-27 09:00:00.000,数据发现：入境旅行服务收入大增
财新网,2025-08-27 08:00:00.000,上海进一步放开限购，能否支撑楼市？
财新网,2025-08-27 06:40:00.000,股债同涨是昙花一现吗？
财新网,2025-08-27 04:20:00.000,债市回调接近尾声了吗
财新网,2025-08-27 03:30:00.000,缺爆款的爱奇艺怎么扭亏
财新网,2025-08-27 01:50:00.000,热点数据：前七月规上工业利润降幅略收窄
财新网,2025-08-27 00:08:52.063,2025年8月27日
财新网,2025-08-26 12:30:00.000,夜读深度：有色金属龙头业绩得意马蹄劲
财新网,2025-08-26 09:10:00.000,热点数据：水泥出口大幅回升
财新网,2025-08-26 07:50:00.000,行情亮眼，散户真的跑步入场了吗？
财新网,2025-08-26 06:30:00.000,美韩元首会晤后签订航空大单
财新网,2025-08-26 05:30:00.000,美国对印度的50%高关税即将落地
财新网,2025-08-26 03:20:00.000,特朗普“开炮”威胁吊销两家新闻公司牌照
财新网,2025-08-26 02:00:00.000,美股一周前瞻：英伟达财报吸睛
财新网,2025-08-25 23:53:57.549,2025年8月26日
财新网,2025-08-25 12:30:00.000,夜读深度：国补的“期中考”成绩
财新网,2025-08-25 09:40:00.000,报喜鸟走上安踏的道路
财新网,2025-08-25 08:20:00.000,创新药板块今年行情起飞背后
财新网,2025-08-25 07:30:00.000,从沃尔玛业绩看关税笼罩下的美国零售
财新网,2025-08-25 05:35:00.000,数据推荐：8月中旬LNG价格继续下探
财新网,2025-08-25 04:15:00.000,鲍威尔表态后的美债投资者们
财新网,2025-08-25 02:39:43.628,数据推荐：北京社零年内降幅扩大
财新网,2025-08-25 00:19:07.927,2025年8月25日
